metric_name,metric_value
roc_auc,0.9537727645611156
accuracy,0.9046770601336303
precision,0.9063643013899049
recall,0.9350943396226415
f1,0.9205052005943536
