metric_name,metric_value
roc_auc,0.9616299088804493
accuracy,0.9013099172556872
precision,0.9505082657357018
recall,0.9130391899000526
f1,0.9313970452601747
