metric_name,metric_value
roc_auc,0.6064495488105004
accuracy,0.6249443207126949
precision,0.6172899465760078
recall,0.9592452830188679
f1,0.7511820330969267
