metric_name,metric_value
roc_auc,0.7676953600478369
accuracy,0.7720550985453405
precision,0.8018311116229523
recall,0.9156365071015256
f1,0.854963238115704
